<beans xmlns="http://www.springframework.org/schema/beans"
	xmlns:context="http://www.springframework.org/schema/context"
	xmlns:xsi="http://www.w3.org/2001/XMLSchema-instance"
	xsi:schemaLocation="http://www.springframework.org/schema/beans
   http://www.springframework.org/schema/beans/spring-beans-3.0.xsd
   http://www.springframework.org/schema/context
   http://www.springframework.org/schema/context/spring-context.xsd">



	<bean id="dmds"
		class="org.springframework.jdbc.datasource.DriverManagerDataSource">
		<property name="url" value="jdbc:mysql://localhost:3306/bank" />
		<property name="driverClassName"
			value="com.mysql.jdbc.Driver" />
		<property name="username" value="root" />
		<property name="password" value="" />
	</bean>
	
	<bean id="sf" class="org.springframework.orm.hibernate5.LocalSessionFactoryBean">
		   	<property name="dataSource" ref="dmds" />
   	<property name="hibernateProperties">
   		<props>
   			<prop key="hibernate.dialect">org.hibernate.dialect.MySQLDialect</prop>
   			<prop key="hibernate.show_sql">true</prop>
   		</props>
   	</property>
   	<property name="annotatedClasses">
   		<list>
   			<value>com.cts.hibernate1.hibernate_demo_2.Branch</value>
   		</list>
   	</property>
	</bean>

	<bean id="ht" class="org.springframework.orm.hibernate5.HibernateTemplate">
		<property name="sessionFactory" ref="sf" />
	</bean>
	
	<bean id="bdao" class="com.cts.hibernate1.hibernate_demo_2.BranchDaoImpl">
		<property name="ht" ref="ht" />
	</bean>
</beans>