<?xml version = "1.0" encoding = "UTF-8"?>

<beans xmlns = "http://www.springframework.org/schema/beans"
xmlns:tx="http://www.springframework.org/schema/tx"
xmlns:context="http://www.springframework.org/schema/context"
   xmlns:xsi = "http://www.w3.org/2001/XMLSchema-instance"
   xsi:schemaLocation = "http://www.springframework.org/schema/beans
   http://www.springframework.org/schema/beans/spring-beans-3.0.xsd
   http://www.springframework.org/schema/context
   http://www.springframework.org/schema/context/spring-context.xsd
   http://www.springframework.org/schema/tx
   http://www.springframework.org/schema/tx/spring-tx.xsd">

	<context:component-scan base-package="com.cts.hibernate.demo" />
	
	<tx:annotation-driven/>
	
<bean id="ds" class="org.springframework.jdbc.datasource.DriverManagerDataSource">  
<property name="driverClassName" value="com.mysql.jdbc.Driver" />  
<property name="url" value="jdbc:mysql://localhost:3306/jf003" />  
<property name="username" value="root" />  
<property name="password" value="" />  
</bean>  
  
<bean id="sessionFactory" class="org.springframework.orm.hibernate5.LocalSessionFactoryBean">
   	<property name="dataSource" ref="ds" />
   	<property name="hibernateProperties">
   		<props>
   			<prop key="hibernate.dialect">org.hibernate.dialect.MySQLDialect</prop>
   			<prop key="hibernate.show_sql">true</prop>
   		</props>
   	</property>
   	<property name="annotatedClasses">
   		<list>
   			<value>com.cts.hibernate.demo.jf003_hibernate_1.model.Engineer</value>
   		</list>
   	</property>
   </bean>
   
   <bean id="ht" class="org.springframework.orm.hibernate5.HibernateTemplate" >
   	<property name="sessionFactory">
   	<ref bean="sessionFactory" />
   	</property>
   </bean>
         
<bean id="edao" class="com.cts.hibernate.demo.jf003_hibernate_1.model.EngineerDao">  
	<property name="ht" ref="ht"></property>  
</bean>   

	  <bean name="transactionManager" class="org.springframework.orm.hibernate5.HibernateTransactionManager">
   <property name="sessionFactory" ref="sessionFactory" />
   </bean>
</beans>

